Day,Date,SPY_Close,Status,Capital_Deployed,Unrealized_PnL,PnL_Pct,Portfolio_Value,Benchmark_Value,Benchmark_Return_Pct,Strategy_Return_Pct,Alpha_Pct,Reference_IfHeld,Signal_Saved
Day 1,2026-07-14,750.08,FLAT,0.0,0.0,0.0,99964.92,99999.99,-0.0,-0.0351,-0.035,-135.25,-1797.25
Day 2,2026-07-15,752.9,FLAT,0.0,0.0,0.0,100012.67,100375.95,0.376,0.0127,-0.363,14.21,-1946.71
Day 3,2026-07-16,749.01,FLAT,0.0,0.0,0.0,99836.54,99857.34,-0.143,-0.1635,-0.021,-191.96,-1740.54
Day 4,2026-07-17,741.44,FLAT,0.0,0.0,0.0,99693.98,98848.11,-1.152,-0.306,0.846,-593.17,-1339.33
Day 5,2026-07-20,740.31,FLAT,0.0,0.0,0.0,99502.0,98697.46,-1.303,-0.498,0.805,-653.06,-1279.44
Day 6,2026-07-21,746.3,Long 53 SPY (T6),39623.86,-69.96,-0.177,99432.04,99496.04,-0.504,-0.568,-0.064,-335.59,-1596.91
Day 7,2026-07-22,745.64,Long 53 SPY (T6),39623.86,-104.94,-0.265,99397.06,99408.05,-0.592,-0.6029,-0.011,-370.57,-1561.93
Day 8,2026-07-23,736.23,Long 52 SPY (T7),38419.68,-135.72,-0.353,98730.81,98153.52,-1.846,-1.2692,0.577,-869.3,-1063.2
Day 9,2026-07-24,737.07,FLAT,0.0,0.0,0.0,98874.85,98265.51,-1.734,-1.1251,0.609,-824.78,-1107.72
Day 10,2026-07-27,737.02,FLAT,0.0,0.0,0.0,98978.99,98258.84,-1.741,-1.021,0.72,-827.43,-1105.07
Day 11,2026-07-28,738.96,FLAT,0.0,0.0,0.0,98935.53,98517.48,-1.483,-1.0645,0.419,-724.61,-1207.89
Day 12,2026-07-29,727.76,FLAT,0.0,0.0,0.0,98935.53,97024.31,-2.976,-1.0645,1.912,-1318.21,-614.29
Day 13,2026-07-30,739.79,FLAT,0.0,0.0,0.0,98935.53,98628.14,-1.372,-1.0645,0.308,-680.62,-1251.88
Day 14,2026-07-31,744.94,FLAT,0.0,0.0,0.0,98935.53,99314.73,-0.685,-1.0645,-0.379,-407.67,-1524.83
Day 15,2026-08-03,755.84,FLAT,0.0,0.0,0.0,98935.53,100767.91,0.768,-1.0645,-1.832,170.03,-2102.53
Day 16,2026-08-04,769.2,Long 50 SPY (T10),38607.5,-147.5,-0.382,98788.03,102549.05,2.549,-1.212,-3.761,878.11,-2810.61
Day 17,2026-08-05,767.88,FLAT,0.0,0.0,0.0,98848.53,102373.07,2.373,-1.1515,-3.524,808.15,-2740.65
Day 18,2026-08-06,766.74,FLAT,0.0,0.0,0.0,98848.53,102221.09,2.221,-1.1515,-3.372,747.73,-2680.23
Day 19,2026-08-07,771.25,Long 51 SPY (T11),39398.02,-64.27,-0.163,98784.26,102822.36,2.822,-1.2157,-4.038,986.76,-2919.26
Day 20,2026-08-10,771.11,FLAT,0.0,0.0,0.0,98873.51,102803.69,2.804,-1.1265,-3.93,979.34,-2911.84
Day 21,2026-08-11,768.61,Long 51 SPY (T12),39455.71,-256.6,-0.65,98616.91,102470.39,2.47,-1.3831,-3.853,846.84,-2779.34
Day 22,2026-08-12,770.63,Long 51 SPY (T12),39455.71,-153.58,-0.389,98719.93,102739.7,2.74,-1.2801,-4.02,953.9,-2886.4
Day 23,2026-08-13,775.91,Long 51 SPY (T12),39455.71,115.7,0.293,98989.21,103443.62,3.444,-1.0108,-4.455,1233.74,-3166.24
Day 24,2026-08-14,774.38,Long 51 SPY (T12),39455.71,37.67,0.095,98911.18,103239.64,3.24,-1.0888,-4.329,1152.65,-3085.15
Day 25,2026-08-17,770.71,Long 51 SPY (T12),39455.71,-149.5,-0.379,98724.01,102750.36,2.75,-1.276,-4.026,958.14,-2890.64
Day 26,2026-08-18,765.46,Long 51 SPY (T12),39455.71,-417.25,-1.058,98456.26,102050.44,2.05,-1.5437,-3.594,679.89,-2612.39
Day 27,2026-08-19,767.19,Long 51 SPY (T12),39455.71,-329.02,-0.834,98544.49,102281.08,2.281,-1.4555,-3.737,771.58,-2704.08
Day 28,2026-08-20,760.73,Long 51 SPY (T12),39455.71,-658.48,-1.669,98215.03,101419.84,1.42,-1.785,-3.205,429.2,-2361.7
Day 29,2026-08-21,763.74,Long 51 SPY (T12),39455.71,-504.97,-1.28,98368.54,101821.13,1.821,-1.6315,-3.452,588.73,-2521.23
Day 30,2026-08-24,761.57,Long 51 SPY (T12),39455.71,-615.64,-1.56,98257.87,101531.83,1.532,-1.7421,-3.274,473.72,-2406.22
Day 31,2026-08-25,763.89,Long 51 SPY (T12),39455.71,-497.32,-1.26,98376.19,101841.13,1.841,-1.6238,-3.465,596.68,-2529.18
Day 32,2026-08-26,764.04,Long 51 SPY (T12),39455.71,-489.67,-1.241,98383.84,101861.13,1.861,-1.6162,-3.477,604.63,-2537.13
Day 33,2026-08-27,769.27,Long 51 SPY (T12),39455.71,-222.94,-0.565,98650.57,102558.38,2.558,-1.3494,-3.907,881.82,-2814.32
Day 34,2026-08-28,767.37,Long 51 SPY (T12),39455.71,-319.84,-0.811,98553.67,102305.08,2.305,-1.4463,-3.751,781.12,-2713.62
Day 35,2026-08-31,764.97,Long 51 SPY (T12),39455.71,-442.24,-1.121,98431.27,101985.11,1.985,-1.5687,-3.554,653.92,-2586.42
Day 36,2026-09-01,759.74,FLAT,0.0,0.0,0.0,98260.93,101287.85,1.288,-1.7391,-3.027,376.73,-2309.23
Day 37,2026-09-02,763.23,Long 51 SPY (T13),39010.92,-86.19,-0.221,98174.74,101753.14,1.753,-1.8253,-3.578,561.7,-2494.2
Day 38,2026-09-03,771.2,Long 51 SPY (T13),39010.92,320.28,0.821,98581.21,102815.69,2.816,-1.4188,-4.235,984.11,-2916.61
Day 39,2026-09-04,768.27,Long 51 SPY (T13),39010.92,170.85,0.438,98431.78,102425.06,2.425,-1.5682,-3.993,828.82,-2761.32
Day 40,2026-09-08,764.16,FLAT,0.0,0.0,0.0,98313.46,101877.12,1.877,-1.6865,-3.564,610.99,-2543.49
Day 41,2026-09-09,760.54,Long 52 SPY (T14),39675.95,-127.87,-0.322,98185.59,101394.51,1.395,-1.8144,-3.209,419.13,-2351.63
Day 42,2026-09-10,755.99,FLAT,0.0,0.0,0.0,98049.35,100787.91,0.788,-1.9506,-2.739,177.98,-2110.48
Day 43,2026-09-11,762.25,FLAT,0.0,0.0,0.0,98049.35,101622.48,1.622,-1.9506,-3.573,509.76,-2442.26
Day 44,2026-09-14,758.87,FLAT,0.0,0.0,0.0,98049.35,101171.87,1.172,-1.9506,-3.123,330.62,-2263.12
Day 45,2026-09-15,755.54,FLAT,0.0,0.0,0.0,98049.35,100727.91,0.728,-1.9506,-2.679,154.13,-2086.63
Day 46,2026-09-16,752.18,FLAT,0.0,0.0,0.0,98049.35,100279.96,0.28,-1.9506,-2.231,-23.95,-1908.55
Day 47,2026-09-17,760.75,FLAT,0.0,0.0,0.0,98049.35,101422.51,1.423,-1.9506,-3.374,430.26,-2362.76
Day 48,2026-09-18,761.62,FLAT,0.0,0.0,0.0,98049.35,101538.49,1.538,-1.9506,-3.489,476.37,-2408.87
Day 49,2026-09-21,773.52,FLAT,0.0,0.0,0.0,98049.35,103124.99,3.125,-1.9506,-5.076,1107.07,-3039.57
Day 50,2026-09-22,773.44,FLAT,0.0,0.0,0.0,98064.14,103114.32,3.114,-1.9359,-5.05,1102.83,-3035.33
Day 51,2026-09-23,767.93,FLAT,0.0,0.0,0.0,98035.37,102379.74,2.38,-1.9646,-4.345,810.8,-2743.3
Day 52,2026-09-24,767.29,FLAT,0.0,0.0,0.0,98035.37,102294.41,2.294,-1.9646,-4.259,776.88,-2709.38
Day 53,2026-09-25,771.35,FLAT,0.0,0.0,0.0,98035.37,102835.69,2.836,-1.9646,-4.801,992.06,-2924.56
Day 54,2026-09-28,765.49,Long 51 SPY (T17),39032.85,7.14,0.018,98042.51,102054.44,2.054,-1.9575,-4.012,681.48,-2613.98
Day 55,2026-09-29,764.38,FLAT,0.0,0.0,0.0,98067.5,101906.45,1.906,-1.9325,-3.838,622.65,-2555.15
Day 56,2026-09-30,762.34,Long 51 SPY (T18),39096.09,-216.75,-0.554,97850.75,101634.48,1.634,-2.1493,-3.783,514.53,-2447.03
Day 57,2026-10-01,764.1,Long 51 SPY (T18),39096.09,-126.99,-0.325,97940.51,101869.12,1.869,-2.0595,-3.928,607.81,-2540.31
Day 58,2026-10-02,769.65,Long 51 SPY (T18),39096.09,156.06,0.399,98223.56,102609.05,2.609,-1.7764,-4.385,901.96,-2834.46
Day 59,2026-10-05,774.97,Long 51 SPY (T18),39096.09,427.38,1.093,98494.88,103318.3,3.318,-1.5051,-4.823,1183.92,-3116.42
